path	category	size_bytes	extension
base/.htaccess	source_code	672	[no_ext]
base/composer.json	source_code	286	.json
base/composer.lock	source_code	4124	.lock
base/composer.phar	vendor_dependencies	2994603	.phar
base/config.php	local_config	303	.php
base/core/admin/controllers/AddController.php	source_code	664	.php
base/core/admin/controllers/AjaxController.php	source_code	2038	.php
base/core/admin/controllers/BaseAdmin.php	source_code	36300	.php
base/core/admin/controllers/CreatesitemapController.php	source_code	11661	.php
base/core/admin/controllers/DeleteController.php	source_code	6288	.php
base/core/admin/controllers/EditController.php	source_code	1250	.php
base/core/admin/controllers/IndexController.php	source_code	364	.php
base/core/admin/controllers/LoginController.php	source_code	4710	.php
base/core/admin/controllers/SearchController.php	source_code	583	.php
base/core/admin/controllers/ShowController.php	source_code	2567	.php
base/core/admin/expansions/TeachersExpansion.php	source_code	211	.php
base/core/admin/models/Model.php	source_code	8992	.php
base/core/admin/models/UserModel.php	source_code	6456	.php
base/core/admin/views/add.php	source_code	3425	.php
base/core/admin/views/css/main.css	source_code	14304	.css
base/core/admin/views/img/menu-button.png	source_code	15818	.png
base/core/admin/views/img/out.png	source_code	281198	.png
base/core/admin/views/img/pages.png	source_code	15788	.png
base/core/admin/views/img/plus.png	source_code	16940	.png
base/core/admin/views/img/search.png	source_code	281465	.png
base/core/admin/views/include/footer.php	source_code	673	.php
base/core/admin/views/include/form_templates/checkboxlist.php	source_code	1616	.php
base/core/admin/views/include/form_templates/gallery_img.php	source_code	1958	.php
base/core/admin/views/include/form_templates/img.php	source_code	1766	.php
base/core/admin/views/include/form_templates/radio.php	source_code	1699	.php
base/core/admin/views/include/form_templates/select.php	source_code	1051	.php
base/core/admin/views/include/form_templates/text.php	source_code	955	.php
base/core/admin/views/include/form_templates/textarea.php	source_code	1307	.php
base/core/admin/views/include/header.php	source_code	3971	.php
base/core/admin/views/js/frameworkfunctions.js	source_code	6740	.js
base/core/admin/views/js/scripts.js	source_code	15858	.js
base/core/admin/views/js/tinymce/icons/default/icons.min.js	source_code	59776	.js
base/core/admin/views/js/tinymce/jquery.tinymce.min.js	source_code	6762	.js
base/core/admin/views/js/tinymce/langs/readme.md	source_code	154	.md
base/core/admin/views/js/tinymce/langs/ru.js	source_code	20514	.js
base/core/admin/views/js/tinymce/license.txt	source_code	26945	.txt
base/core/admin/views/js/tinymce/plugins/advlist/plugin.min.js	source_code	3757	.js
base/core/admin/views/js/tinymce/plugins/anchor/plugin.min.js	source_code	2792	.js
base/core/admin/views/js/tinymce/plugins/autolink/plugin.min.js	source_code	2439	.js
base/core/admin/views/js/tinymce/plugins/autoresize/plugin.min.js	source_code	2214	.js
base/core/admin/views/js/tinymce/plugins/autosave/plugin.min.js	source_code	3007	.js
base/core/admin/views/js/tinymce/plugins/bbcode/plugin.min.js	source_code	3113	.js
base/core/admin/views/js/tinymce/plugins/charmap/plugin.min.js	source_code	12002	.js
base/core/admin/views/js/tinymce/plugins/code/plugin.min.js	source_code	1156	.js
base/core/admin/views/js/tinymce/plugins/codesample/plugin.min.js	source_code	40364	.js
base/core/admin/views/js/tinymce/plugins/colorpicker/plugin.min.js	source_code	523	.js
base/core/admin/views/js/tinymce/plugins/contextmenu/plugin.min.js	source_code	523	.js
base/core/admin/views/js/tinymce/plugins/directionality/plugin.min.js	source_code	4016	.js
base/core/admin/views/js/tinymce/plugins/emoticons/js/emojiimages.js	source_code	495107	.js
base/core/admin/views/js/tinymce/plugins/emoticons/js/emojiimages.min.js	source_code	424470	.js
base/core/admin/views/js/tinymce/plugins/emoticons/js/emojis.js	source_code	271867	.js
base/core/admin/views/js/tinymce/plugins/emoticons/js/emojis.min.js	source_code	201230	.js
base/core/admin/views/js/tinymce/plugins/emoticons/plugin.min.js	source_code	7089	.js
base/core/admin/views/js/tinymce/plugins/fullpage/plugin.min.js	source_code	7859	.js
base/core/admin/views/js/tinymce/plugins/fullscreen/plugin.min.js	source_code	12725	.js
base/core/admin/views/js/tinymce/plugins/help/plugin.min.js	source_code	13406	.js
base/core/admin/views/js/tinymce/plugins/hr/plugin.min.js	source_code	807	.js
base/core/admin/views/js/tinymce/plugins/image/plugin.min.js	source_code	21569	.js
base/core/admin/views/js/tinymce/plugins/imagetools/plugin.min.js	source_code	17293	.js
base/core/admin/views/js/tinymce/plugins/importcss/plugin.min.js	source_code	4061	.js
base/core/admin/views/js/tinymce/plugins/insertdatetime/plugin.min.js	source_code	2993	.js
base/core/admin/views/js/tinymce/plugins/legacyoutput/plugin.min.js	source_code	3065	.js
base/core/admin/views/js/tinymce/plugins/link/plugin.min.js	source_code	16285	.js
base/core/admin/views/js/tinymce/plugins/lists/plugin.min.js	source_code	27139	.js
base/core/admin/views/js/tinymce/plugins/media/plugin.min.js	source_code	17364	.js
base/core/admin/views/js/tinymce/plugins/nonbreaking/plugin.min.js	source_code	1462	.js
base/core/admin/views/js/tinymce/plugins/noneditable/plugin.min.js	source_code	1766	.js
base/core/admin/views/js/tinymce/plugins/pagebreak/plugin.min.js	source_code	1713	.js
base/core/admin/views/js/tinymce/plugins/paste/plugin.min.js	source_code	22660	.js
base/core/admin/views/js/tinymce/plugins/preview/plugin.min.js	source_code	2159	.js
base/core/admin/views/js/tinymce/plugins/print/plugin.min.js	source_code	855	.js
base/core/admin/views/js/tinymce/plugins/quickbars/plugin.min.js	source_code	6431	.js
base/core/admin/views/js/tinymce/plugins/save/plugin.min.js	source_code	1732	.js
base/core/admin/views/js/tinymce/plugins/searchreplace/plugin.min.js	source_code	14948	.js
base/core/admin/views/js/tinymce/plugins/spellchecker/plugin.min.js	source_code	9919	.js
base/core/admin/views/js/tinymce/plugins/tabfocus/plugin.min.js	source_code	1875	.js
base/core/admin/views/js/tinymce/plugins/table/plugin.min.js	source_code	132507	.js
base/core/admin/views/js/tinymce/plugins/template/plugin.min.js	source_code	8299	.js
base/core/admin/views/js/tinymce/plugins/textcolor/plugin.min.js	source_code	519	.js
base/core/admin/views/js/tinymce/plugins/textpattern/plugin.min.js	source_code	18244	.js
base/core/admin/views/js/tinymce/plugins/toc/plugin.min.js	source_code	3374	.js
base/core/admin/views/js/tinymce/plugins/visualblocks/plugin.min.js	source_code	1451	.js
base/core/admin/views/js/tinymce/plugins/visualchars/plugin.min.js	source_code	6221	.js
base/core/admin/views/js/tinymce/plugins/wordcount/plugin.min.js	source_code	12275	.js
base/core/admin/views/js/tinymce/skins/content/dark/content.min.css	source_code	1476	.css
base/core/admin/views/js/tinymce/skins/content/default/content.min.css	source_code	1406	.css
base/core/admin/views/js/tinymce/skins/content/document/content.min.css	source_code	1505	.css
base/core/admin/views/js/tinymce/skins/content/writer/content.min.css	source_code	1427	.css
base/core/admin/views/js/tinymce/skins/ui/oxide/content.inline.min.css	source_code	21715	.css
base/core/admin/views/js/tinymce/skins/ui/oxide/content.min.css	source_code	21774	.css
base/core/admin/views/js/tinymce/skins/ui/oxide/content.mobile.min.css	source_code	551	.css
base/core/admin/views/js/tinymce/skins/ui/oxide/fonts/tinymce-mobile.woff	source_code	4624	.woff
base/core/admin/views/js/tinymce/skins/ui/oxide/skin.min.css	source_code	60889	.css
base/core/admin/views/js/tinymce/skins/ui/oxide/skin.mobile.min.css	source_code	21011	.css
base/core/admin/views/js/tinymce/skins/ui/oxide/skin.shadowdom.min.css	source_code	742	.css
base/core/admin/views/js/tinymce/skins/ui/oxide-dark/content.inline.min.css	source_code	21715	.css
base/core/admin/views/js/tinymce/skins/ui/oxide-dark/content.min.css	source_code	21391	.css
base/core/admin/views/js/tinymce/skins/ui/oxide-dark/content.mobile.min.css	source_code	551	.css
base/core/admin/views/js/tinymce/skins/ui/oxide-dark/fonts/tinymce-mobile.woff	source_code	4624	.woff
base/core/admin/views/js/tinymce/skins/ui/oxide-dark/skin.min.css	source_code	60773	.css
base/core/admin/views/js/tinymce/skins/ui/oxide-dark/skin.mobile.min.css	source_code	21011	.css
base/core/admin/views/js/tinymce/skins/ui/oxide-dark/skin.shadowdom.min.css	source_code	742	.css
base/core/admin/views/js/tinymce/themes/mobile/theme.min.js	source_code	171096	.js
base/core/admin/views/js/tinymce/themes/silver/theme.min.js	source_code	411525	.js
base/core/admin/views/js/tinymce/tinymce.d.ts	source_code	115444	.ts
base/core/admin/views/js/tinymce/tinymce.init.js	source_code	3505	.js
base/core/admin/views/js/tinymce/tinymce.min.js	source_code	395549	.js
base/core/admin/views/layout/default.php	source_code	63	.php
base/core/admin/views/login.php	source_code	2436	.php
base/core/admin/views/show.php	source_code	1498	.php
base/core/base/controllers/BaseAjax.php	source_code	1543	.php
base/core/base/controllers/BaseController.php	source_code	4182	.php
base/core/base/controllers/BaseMethods.php	source_code	4177	.php
base/core/base/controllers/BaseRoute.php	source_code	307	.php
base/core/base/controllers/RouteController.php	source_code	4520	.php
base/core/base/controllers/Singleton.php	source_code	527	.php
base/core/base/exceptions/AuthExeption.php	source_code	121	.php
base/core/base/exceptions/DbException.php	source_code	707	.php
base/core/base/exceptions/RouteException.php	source_code	696	.php
base/core/base/exceptions/messages.php	source_code	129	.php
base/core/base/messages/informationMessages.php	source_code	588	.php
base/core/base/models/BaseModel.php	source_code	15656	.php
base/core/base/models/BaseModelMethods.php	source_code	17878	.php
base/core/base/models/Crypt.php	source_code	3777	.php
base/core/base/models/Model.php	source_code	81	.php
base/core/base/settings/BaseSettings.php	source_code	947	.php
base/core/base/settings/Settings.php	source_code	6947	.php
base/core/base/settings/ShopSettings.php	source_code	824	.php
base/core/base/settings/internal_settings.php	source_code	2816	.php
base/core/plugins/shop/IndexController.php	source_code	39	.php
base/core/user/controllers/AjaxController.php	source_code	1293	.php
base/core/user/controllers/BaseUser.php	source_code	14553	.php
base/core/user/controllers/CatalogController.php	source_code	6283	.php
base/core/user/controllers/IndexController.php	source_code	2310	.php
base/core/user/controllers/KnowelegesController.php	source_code	916	.php
base/core/user/controllers/LkController.php	source_code	2143	.php
base/core/user/controllers/LoginController.php	source_code	5793	.php
base/core/user/controllers/OrdersController.php	source_code	9117	.php
base/core/user/controllers/ProductController.php	source_code	1256	.php
base/core/user/controllers/SearchController.php	source_code	1436	.php
base/core/user/controllers/SendMailController.php	source_code	3827	.php
base/core/user/controllers/СartController.php	source_code	752	.php
base/core/user/helpers/ValidationHelper.php	source_code	1653	.php
base/core/user/models/Model.php	source_code	11783	.php
base/core/user/models/Model_ARJ.php	source_code	11679	.php
base/index.php	source_code	811	.php
base/libraries/FileEdit.php	source_code	2910	.php
base/libraries/TextModify.php	source_code	2461	.php
base/libraries/functions.php	source_code	287	.php
base/log/db_log.txt	runtime_logs	3239846	.txt
base/log/log.txt	runtime_logs	848052	.txt
base/log/log_user.txt	runtime_logs	2284	.txt
base/log/parsing_log.txt	runtime_logs	13674	.txt
base/log/user_log.txt	runtime_logs	11316	.txt
base/mail.example.php	source_code	338	.php
base/sitemap.xml	generated_files	9207	.xml
base/temp/cart.html	generated_files	29349	.html
base/temp/mce.txt	generated_files	601	.txt
base/templates/default/articles/knoweleges_articles.php	source_code	20329	.php
base/templates/default/assets/css/animate.css	source_code	81532	.css
base/templates/default/assets/css/lk.css	source_code	19325	.css
base/templates/default/assets/css/style.css	source_code	146198	.css
base/templates/default/assets/fonts/Lato-Black.eot	source_code	244696	.eot
base/templates/default/assets/fonts/Lato-Black.eot@	source_code	244696	.eot@
base/templates/default/assets/fonts/Lato-Black.ttf	source_code	584008	.ttf
base/templates/default/assets/fonts/Lato-Black.woff	source_code	297272	.woff
base/templates/default/assets/fonts/Lato-Black.woff2	source_code	176748	.woff2
base/templates/default/assets/fonts/Lato-Bold.eot	source_code	256056	.eot
base/templates/default/assets/fonts/Lato-Bold.eot@	source_code	256056	.eot@
base/templates/default/assets/fonts/Lato-Bold.ttf	source_code	600856	.ttf
base/templates/default/assets/fonts/Lato-Bold.woff	source_code	309728	.woff
base/templates/default/assets/fonts/Lato-Bold.woff2	source_code	184912	.woff2
base/templates/default/assets/fonts/Lato-Heavy.eot	source_code	256087	.eot
base/templates/default/assets/fonts/Lato-Heavy.eot@	source_code	256087	.eot@
base/templates/default/assets/fonts/Lato-Heavy.ttf	source_code	603056	.ttf
base/templates/default/assets/fonts/Lato-Heavy.woff	source_code	309924	.woff
base/templates/default/assets/fonts/Lato-Heavy.woff2	source_code	184520	.woff2
base/templates/default/assets/fonts/Lato-Medium.eot	source_code	251890	.eot
base/templates/default/assets/fonts/Lato-Medium.eot@	source_code	251890	.eot@
base/templates/default/assets/fonts/Lato-Medium.ttf	source_code	600476	.ttf
base/templates/default/assets/fonts/Lato-Medium.woff	source_code	305920	.woff
base/templates/default/assets/fonts/Lato-Medium.woff2	source_code	182144	.woff2
base/templates/default/assets/fonts/Lato-Regular.eot	source_code	253461	.eot
base/templates/default/assets/fonts/Lato-Regular.eot@	source_code	253461	.eot@
base/templates/default/assets/fonts/Lato-Regular.ttf	source_code	607720	.ttf
base/templates/default/assets/fonts/Lato-Regular.woff	source_code	309192	.woff
base/templates/default/assets/fonts/Lato-Regular.woff2	source_code	182708	.woff2
base/templates/default/assets/fonts/Roboto-Bold.eot	source_code	135036	.eot
base/templates/default/assets/fonts/Roboto-Bold.eot@	source_code	135036	.eot@
base/templates/default/assets/fonts/Roboto-Bold.ttf	source_code	170760	.ttf
base/templates/default/assets/fonts/Roboto-Bold.woff	source_code	94128	.woff
base/templates/default/assets/fonts/Roboto-Bold.woff2	source_code	66224	.woff2
base/templates/default/assets/img/Bg-feedback.png	source_code	322793	.png
base/templates/default/assets/img/Bg-offers.png	source_code	1319076	.png
base/templates/default/assets/img/Check.svg	source_code	519	.svg
base/templates/default/assets/img/Checked.svg	source_code	519	.svg
base/templates/default/assets/img/Logo.svg	source_code	896	.svg
base/templates/default/assets/img/Logo3col.svg	source_code	836	.svg
base/templates/default/assets/img/about.png	source_code	807735	.png
base/templates/default/assets/img/additional_offer.png	source_code	125416	.png
base/templates/default/assets/img/advantages/adv1.png	source_code	68700	.png
base/templates/default/assets/img/advantages/adv2.png	source_code	87389	.png
base/templates/default/assets/img/advantages/adv3.png	source_code	62604	.png
base/templates/default/assets/img/advantages/adv4.png	source_code	94381	.png
base/templates/default/assets/img/advantages/adv5.png	source_code	92857	.png
base/templates/default/assets/img/advantages/adv6.png	source_code	89641	.png
base/templates/default/assets/img/card/card-slider.jpg	source_code	350098	.jpg
base/templates/default/assets/img/card/feedback.png	source_code	598156	.png
base/templates/default/assets/img/card/item1.png	source_code	127453	.png
base/templates/default/assets/img/divisions/devision-arrow.png	source_code	1195	.png
base/templates/default/assets/img/divisions/services-detail1.jpg	source_code	95724	.jpg
base/templates/default/assets/img/divisions/services.jpg	source_code	119189	.jpg
base/templates/default/assets/img/divisions/sservices1.jpg	source_code	134352	.jpg
base/templates/default/assets/img/horizontal-line.svg	source_code	373	.svg
base/templates/default/assets/img/icons.svg	source_code	81859	.svg
base/templates/default/assets/img/offers.png	source_code	1193167	.png
base/templates/default/assets/img/partners/danfoss.png	source_code	3422	.png
base/templates/default/assets/img/partners/giacomini.png	source_code	3255	.png
base/templates/default/assets/img/partners/grundfos.png	source_code	2687	.png
base/templates/default/assets/img/partners/ld.png	source_code	2556	.png
base/templates/default/assets/img/partners/poc.png	source_code	2709	.png
base/templates/default/assets/img/partners/tecofi.png	source_code	2698	.png
base/templates/default/assets/img/pictograms/new_type_1.svg	source_code	6016	.svg
base/templates/default/assets/img/slider/15.svg	source_code	2764	.svg
base/templates/default/assets/img/slider/slide1.png	source_code	705204	.png
base/templates/default/assets/img/user.png	source_code	8774	.png
base/templates/default/assets/js/ScrollMagic.min.js	source_code	27911	.js
base/templates/default/assets/js/TweenMax.min.js	source_code	116244	.js
base/templates/default/assets/js/animation.gsap.min.js	source_code	1359	.js
base/templates/default/assets/js/app.js	source_code	15009	.js
base/templates/default/assets/js/bodyscrolllock/bodyScrollLock.min.js	source_code	2839	.js
base/templates/default/assets/js/freeHost.js	source_code	378	.js
base/templates/default/assets/js/jquery.maskedinput.min.js	source_code	4330	.js
base/templates/default/assets/js/script.js	source_code	16394	.js
base/templates/default/assets/js/showMessage.js	source_code	2014	.js
base/templates/default/cart.php	source_code	10546	.php
base/templates/default/catalog.php	source_code	8726	.php
base/templates/default/include/breadcrumbs.php	source_code	839	.php
base/templates/default/include/footer.php	source_code	4465	.php
base/templates/default/include/goodsItem.php	source_code	2268	.php
base/templates/default/include/header.php	source_code	11018	.php
base/templates/default/include/newsItem.php	source_code	886	.php
base/templates/default/include/orderTemplates/goods.php	source_code	100	.php
base/templates/default/include/orderTemplates/goodsFooter.php	source_code	18	.php
base/templates/default/include/orderTemplates/goodsHeader.php	source_code	213	.php
base/templates/default/include/orderTemplates/order.php	source_code	640	.php
base/templates/default/include/orderTemplates/visitor.php	source_code	438	.php
base/templates/default/index.php	source_code	11911	.php
base/templates/default/knoweleges.php	source_code	20	.php
base/templates/default/layout/default.php	source_code	63	.php
base/templates/default/lk.php	source_code	12566	.php
base/templates/default/product.php	source_code	19396	.php
base/userfiles/advantages/img_9620.JPG	runtime_uploads	74958	.jpg
base/userfiles/advantages/img_9628.JPG	runtime_uploads	90375	.jpg
base/userfiles/advantages/img_9635.JPG	runtime_uploads	74897	.jpg
base/userfiles/advantages/img_9640.JPG	runtime_uploads	58833	.jpg
base/userfiles/advantages/promo_img.svg	runtime_uploads	1683405	.svg
base/userfiles/advantages/work_402cb94f.png	runtime_uploads	21142	.png
base/userfiles/advantages/work_7fbfdf94.png	runtime_uploads	21142	.png
base/userfiles/advantages/work_87f85af9.png	runtime_uploads	21142	.png
base/userfiles/catalog/20250519_1117_kreativniy-druk-futbolka_simple_compose_01jvksv2d9e9aa5g0xh30mrq2p.png	runtime_uploads	1793667	.png
base/userfiles/catalog/t-shirt.png	runtime_uploads	68723	.png
base/userfiles/catalog/t-shirt_4be45689.png	runtime_uploads	68723	.png
base/userfiles/catalog/t-shirt_a5d29cac.png	runtime_uploads	68723	.png
base/userfiles/catalog/t-shirt_e359fb49.png	runtime_uploads	68723	.png
base/userfiles/default_images/default.jpg	runtime_uploads	159612	.jpg
base/userfiles/default_images/default_inx.jpg	runtime_uploads	403853	.jpg
base/userfiles/filters/20250519_1117_kreativniy-druk-futbolka_simple_compose_01jvksv2d9e9aa5g0xh30mrq2p.png	runtime_uploads	1793667	.png
base/userfiles/filters_categories/20250519_1117_kreativniy-druk-futbolka_simple_compose_01jvksv2d6e4ttey7mz4jmcph4.png	runtime_uploads	1898324	.png
base/userfiles/filters_categories/bussines-card_colorfull.jpg	runtime_uploads	178310	.jpg
base/userfiles/filters_categories/notepad_ring3.png	runtime_uploads	2664898	.png
base/userfiles/fromtend/assets/css/animate.css	runtime_uploads	81532	.css
base/userfiles/fromtend/assets/css/style.css	runtime_uploads	126164	.css
base/userfiles/fromtend/assets/fonts/Lato-Black.eot	runtime_uploads	244696	.eot
base/userfiles/fromtend/assets/fonts/Lato-Black.eot@	runtime_uploads	244696	.eot@
base/userfiles/fromtend/assets/fonts/Lato-Black.ttf	runtime_uploads	584008	.ttf
base/userfiles/fromtend/assets/fonts/Lato-Black.woff	runtime_uploads	297272	.woff
base/userfiles/fromtend/assets/fonts/Lato-Black.woff2	runtime_uploads	176748	.woff2
base/userfiles/fromtend/assets/fonts/Lato-Bold.eot	runtime_uploads	256056	.eot
base/userfiles/fromtend/assets/fonts/Lato-Bold.eot@	runtime_uploads	256056	.eot@
base/userfiles/fromtend/assets/fonts/Lato-Bold.ttf	runtime_uploads	600856	.ttf
base/userfiles/fromtend/assets/fonts/Lato-Bold.woff	runtime_uploads	309728	.woff
base/userfiles/fromtend/assets/fonts/Lato-Bold.woff2	runtime_uploads	184912	.woff2
base/userfiles/fromtend/assets/fonts/Lato-Heavy.eot	runtime_uploads	256087	.eot
base/userfiles/fromtend/assets/fonts/Lato-Heavy.eot@	runtime_uploads	256087	.eot@
base/userfiles/fromtend/assets/fonts/Lato-Heavy.ttf	runtime_uploads	603056	.ttf
base/userfiles/fromtend/assets/fonts/Lato-Heavy.woff	runtime_uploads	309924	.woff
base/userfiles/fromtend/assets/fonts/Lato-Heavy.woff2	runtime_uploads	184520	.woff2
base/userfiles/fromtend/assets/fonts/Lato-Medium.eot	runtime_uploads	251890	.eot
base/userfiles/fromtend/assets/fonts/Lato-Medium.eot@	runtime_uploads	251890	.eot@
base/userfiles/fromtend/assets/fonts/Lato-Medium.ttf	runtime_uploads	600476	.ttf
base/userfiles/fromtend/assets/fonts/Lato-Medium.woff	runtime_uploads	305920	.woff
base/userfiles/fromtend/assets/fonts/Lato-Medium.woff2	runtime_uploads	182144	.woff2
base/userfiles/fromtend/assets/fonts/Lato-Regular.eot	runtime_uploads	253461	.eot
base/userfiles/fromtend/assets/fonts/Lato-Regular.eot@	runtime_uploads	253461	.eot@
base/userfiles/fromtend/assets/fonts/Lato-Regular.ttf	runtime_uploads	607720	.ttf
base/userfiles/fromtend/assets/fonts/Lato-Regular.woff	runtime_uploads	309192	.woff
base/userfiles/fromtend/assets/fonts/Lato-Regular.woff2	runtime_uploads	182708	.woff2
base/userfiles/fromtend/assets/fonts/Roboto-Bold.eot	runtime_uploads	135036	.eot
base/userfiles/fromtend/assets/fonts/Roboto-Bold.eot@	runtime_uploads	135036	.eot@
base/userfiles/fromtend/assets/fonts/Roboto-Bold.ttf	runtime_uploads	170760	.ttf
base/userfiles/fromtend/assets/fonts/Roboto-Bold.woff	runtime_uploads	94128	.woff
base/userfiles/fromtend/assets/fonts/Roboto-Bold.woff2	runtime_uploads	66224	.woff2
base/userfiles/fromtend/assets/img/Bg-feedback.png	runtime_uploads	322793	.png
base/userfiles/fromtend/assets/img/Bg-offers.png	runtime_uploads	1319076	.png
base/userfiles/fromtend/assets/img/Check.svg	runtime_uploads	519	.svg
base/userfiles/fromtend/assets/img/Checked.svg	runtime_uploads	519	.svg
base/userfiles/fromtend/assets/img/Logo.svg	runtime_uploads	910	.svg
base/userfiles/fromtend/assets/img/Logo3col.svg	runtime_uploads	845	.svg
base/userfiles/fromtend/assets/img/about.png	runtime_uploads	807735	.png
base/userfiles/fromtend/assets/img/additional_offer.png	runtime_uploads	125416	.png
base/userfiles/fromtend/assets/img/advantages/adv1.png	runtime_uploads	68700	.png
base/userfiles/fromtend/assets/img/advantages/adv2.png	runtime_uploads	87389	.png
base/userfiles/fromtend/assets/img/advantages/adv3.png	runtime_uploads	62604	.png
base/userfiles/fromtend/assets/img/advantages/adv4.png	runtime_uploads	94381	.png
base/userfiles/fromtend/assets/img/advantages/adv5.png	runtime_uploads	92857	.png
base/userfiles/fromtend/assets/img/advantages/adv6.png	runtime_uploads	89641	.png
base/userfiles/fromtend/assets/img/card/card-slider.jpg	runtime_uploads	350098	.jpg
base/userfiles/fromtend/assets/img/card/feedback.png	runtime_uploads	598156	.png
base/userfiles/fromtend/assets/img/card/item1.png	runtime_uploads	127453	.png
base/userfiles/fromtend/assets/img/divisions/devision-arrow.png	runtime_uploads	1195	.png
base/userfiles/fromtend/assets/img/divisions/services-detail1.jpg	runtime_uploads	95724	.jpg
base/userfiles/fromtend/assets/img/divisions/services.jpg	runtime_uploads	119189	.jpg
base/userfiles/fromtend/assets/img/divisions/sservices1.jpg	runtime_uploads	134352	.jpg
base/userfiles/fromtend/assets/img/horizontal-line.svg	runtime_uploads	373	.svg
base/userfiles/fromtend/assets/img/icons.svg	runtime_uploads	82205	.svg
base/userfiles/fromtend/assets/img/offers.png	runtime_uploads	127453	.png
base/userfiles/fromtend/assets/img/partners/danfoss.png	runtime_uploads	3422	.png
base/userfiles/fromtend/assets/img/partners/giacomini.png	runtime_uploads	3255	.png
base/userfiles/fromtend/assets/img/partners/grundfos.png	runtime_uploads	2687	.png
base/userfiles/fromtend/assets/img/partners/ld.png	runtime_uploads	2556	.png
base/userfiles/fromtend/assets/img/partners/poc.png	runtime_uploads	2709	.png
base/userfiles/fromtend/assets/img/partners/tecofi.png	runtime_uploads	2698	.png
base/userfiles/fromtend/assets/img/slider/15.svg	runtime_uploads	2764	.svg
base/userfiles/fromtend/assets/img/slider/slide1.png	runtime_uploads	705204	.png
base/userfiles/fromtend/assets/js/ScrollMagic.min.js	runtime_uploads	27911	.js
base/userfiles/fromtend/assets/js/TweenMax.min.js	runtime_uploads	116244	.js
base/userfiles/fromtend/assets/js/animation.gsap.min.js	runtime_uploads	1289	.js
base/userfiles/fromtend/assets/js/app.js	runtime_uploads	10771	.js
base/userfiles/fromtend/assets/js/bodyscrolllock/bodyScrollLock.min.js	runtime_uploads	2839	.js
base/userfiles/fromtend/assets/js/freeHost.js	runtime_uploads	378	.js
base/userfiles/fromtend/assets/js/jquery.maskedinput.min.js	runtime_uploads	4330	.js
base/userfiles/fromtend/assets/js/script.js	runtime_uploads	7161	.js
base/userfiles/fromtend/index.html	runtime_uploads	79954	.html
base/userfiles/goods/10483639.jpg	runtime_uploads	596436	.jpg
base/userfiles/goods/20250519_1046_druk-na-futbolts_simple_compose_01jvkr2pafedqark28rtzqza25.png	runtime_uploads	1724010	.png
base/userfiles/goods/20250519_1046_druk-na-futbolts_simple_compose_01jvkr2page1gtwwae42extz07.png	runtime_uploads	2214691	.png
base/userfiles/goods/20250519_1046_druk-na-futbolts_simple_compose_01jvkr2paheyybchzqd259hphg.png	runtime_uploads	2015663	.png
base/userfiles/goods/20250519_1046_druk-na-futbolts_simple_compose_01jvkr2pajfhjathv8r4dnr8jd.png	runtime_uploads	1634957	.png
base/userfiles/goods/20250519_1115_print-na-futbolts_simple_compose_01jvksqkyree2b1cc2ttx696ee.png	runtime_uploads	1564172	.png
base/userfiles/goods/20250519_1115_print-na-futbolts_simple_compose_01jvksqkysemsvr4pdmyf0baff.png	runtime_uploads	1919754	.png
base/userfiles/goods/20250519_1115_print-na-futbolts_simple_compose_01jvksqkytf10s22hd4a2whfqw.png	runtime_uploads	1698334	.png
base/userfiles/goods/20250519_1117_kreativniy-druk-futbolka_simple_compose_01jvksv2d6e4ttey7mz4jmcph4.png	runtime_uploads	1898324	.png
base/userfiles/goods/20250519_1117_kreativniy-druk-futbolka_simple_compose_01jvksv2d7e96taz6h1k72sww9.png	runtime_uploads	1827795	.png
base/userfiles/goods/20250519_1117_kreativniy-druk-futbolka_simple_compose_01jvksv2d8fm383z1mhsjabn7g.png	runtime_uploads	1922801	.png
base/userfiles/goods/20250519_1117_kreativniy-druk-futbolka_simple_compose_01jvksv2d9e9aa5g0xh30mrq2p.png	runtime_uploads	1793667	.png
base/userfiles/goods/20250519_1155_kreativniy-druk-futbolki_simple_compose_01jvkw0631fpwv5ffyb355whsm.png	runtime_uploads	1993773	.png
base/userfiles/goods/20250519_1155_kreativniy-druk-futbolki_simple_compose_01jvkw0632fbhtf3vn4j449pam.png	runtime_uploads	1807373	.png
base/userfiles/goods/bussines-card_black-border-logo.jpg	runtime_uploads	86276	.jpg
base/userfiles/goods/bussines-card_black-border-logo_2cc7da9c.jpg	runtime_uploads	86276	.jpg
base/userfiles/goods/bussines-card_black-border-logo_99d72886.jpg	runtime_uploads	86276	.jpg
base/userfiles/goods/bussines-card_colorfull.jpg	runtime_uploads	178310	.jpg
base/userfiles/goods/bussines-card_colorfull_a8152f4b.jpg	runtime_uploads	178310	.jpg
base/userfiles/goods/bussines-card_vubirkovuy_lack_a76bed45.png	runtime_uploads	2133336	.png
base/userfiles/goods/bussines-card_vubirkovuy_lack_black_no_bg.png	runtime_uploads	1032407	.png
base/userfiles/goods/bussines-card_vubirkovuy_lack_white.png	runtime_uploads	1522558	.png
base/userfiles/goods/bussines-card_vubirkovuy_lack_white_757d55e2.png	runtime_uploads	1522558	.png
base/userfiles/goods/bussines-card_vubirkovuy_lack_white_no_bg.png	runtime_uploads	797288	.png
base/userfiles/goods/bussines-card_vubirkovuy_lack_white_no_bg_01cf69ff.png	runtime_uploads	797288	.png
base/userfiles/goods/bussines-card_vubirkovuy_lack_white_no_bg_394258c1.png	runtime_uploads	797288	.png
base/userfiles/goods/content_file/bg_1jpg.jpg	runtime_uploads	159612	.jpg
base/userfiles/goods/content_file/bg_2jpg.jpg	runtime_uploads	118442	.jpg
base/userfiles/goods/content_file/image_3jpg.jpg	runtime_uploads	3689	.jpg
base/userfiles/goods/content_file/image_6jpg.jpg	runtime_uploads	403853	.jpg
base/userfiles/goods/designer-18.jpeg	runtime_uploads	160145	.jpeg
base/userfiles/goods/designer-18_6b2984e8.jpeg	runtime_uploads	160145	.jpeg
base/userfiles/goods/designer-19.jpeg	runtime_uploads	142894	.jpeg
base/userfiles/goods/eco_pen1.png	runtime_uploads	2846364	.png
base/userfiles/goods/eco_pen10.png	runtime_uploads	2509594	.png
base/userfiles/goods/eco_pen11.png	runtime_uploads	2548297	.png
base/userfiles/goods/eco_pen11_fdc2e9f9.png	runtime_uploads	2548297	.png
base/userfiles/goods/eco_pen12.png	runtime_uploads	2491991	.png
base/userfiles/goods/eco_pen12_5b7d3f1c.png	runtime_uploads	2491991	.png
base/userfiles/goods/eco_pen1_14d27e46.png	runtime_uploads	2846364	.png
base/userfiles/goods/eco_pen1_29cd3d45.png	runtime_uploads	2846364	.png
base/userfiles/goods/eco_pen2.png	runtime_uploads	2699907	.png
base/userfiles/goods/eco_pen2_579ad92f.png	runtime_uploads	2699907	.png
base/userfiles/goods/eco_pen3.png	runtime_uploads	2728346	.png
base/userfiles/goods/eco_pen3_5c932f32.png	runtime_uploads	2728346	.png
base/userfiles/goods/eco_pen4.png	runtime_uploads	3209892	.png
base/userfiles/goods/eco_pen4_08a7dfc1.png	runtime_uploads	3209892	.png
base/userfiles/goods/eco_pen5.png	runtime_uploads	3069603	.png
base/userfiles/goods/eco_pen5_2fff7fad.png	runtime_uploads	3069603	.png
base/userfiles/goods/eco_pen6.png	runtime_uploads	3021154	.png
base/userfiles/goods/eco_pen6_4aeff88b.png	runtime_uploads	3021154	.png
base/userfiles/goods/eco_pen7.png	runtime_uploads	3045643	.png
base/userfiles/goods/eco_pen7_670b4dd2.png	runtime_uploads	3045643	.png
base/userfiles/goods/eco_pen8.png	runtime_uploads	2916419	.png
base/userfiles/goods/eco_pen8_03275c26.png	runtime_uploads	2916419	.png
base/userfiles/goods/eco_pen9.png	runtime_uploads	2540665	.png
base/userfiles/goods/foam-core-posters_design_clash_graphics_87215.jpg	runtime_uploads	114126	.jpg
base/userfiles/goods/images_8799643e.jpg	runtime_uploads	4229	.jpg
base/userfiles/goods/images_89692d3f.jpg	runtime_uploads	4229	.jpg
base/userfiles/goods/img_9628.JPG	runtime_uploads	90375	.jpg
base/userfiles/goods/notepad_ring2.png	runtime_uploads	2184651	.png
base/userfiles/goods/notepad_ring3.png	runtime_uploads	2664898	.png
base/userfiles/goods/notepad_ring4.png	runtime_uploads	2167770	.png
base/userfiles/goods/notepad_ring4_647fd9fe.png	runtime_uploads	2167770	.png
base/userfiles/goods/notepad_ring4_6c88f6c7.png	runtime_uploads	2167770	.png
base/userfiles/goods/notepad_ring5.png	runtime_uploads	1386014	.png
base/userfiles/goods/notepad_ring5_338e2b4a.png	runtime_uploads	1386014	.png
base/userfiles/goods/notepad_ring6.png	runtime_uploads	1316600	.png
base/userfiles/goods/notepad_ring6_3b11b305.png	runtime_uploads	1316600	.png
base/userfiles/goods/notepad_ring6_e3f1f2cd.png	runtime_uploads	1316600	.png
base/userfiles/goods/notepad_ring7.png	runtime_uploads	1272136	.png
base/userfiles/goods/notepad_ring7_2eb00fcc.png	runtime_uploads	1272136	.png
base/userfiles/goods/photo_2024-05-29_17-22-33.jpg	runtime_uploads	150118	.jpg
base/userfiles/goods/photo_2024-05-30_11-05-26.jpg	runtime_uploads	159488	.jpg
base/userfiles/goods/photo_2024-05-30_11-05-29.jpg	runtime_uploads	159488	.jpg
base/userfiles/goods/photo_2024-05-30_11-05-29_9edb8a93.jpg	runtime_uploads	159488	.jpg
base/userfiles/goods/photo_2024-05-30_11-05-34_8942edbb.jpg	runtime_uploads	133868	.jpg
base/userfiles/goods/photo_2024-05-30_11-05-43.jpg	runtime_uploads	150118	.jpg
base/userfiles/goods/photo_2024-05-30_11-05-43_a7780c3e.jpg	runtime_uploads	150118	.jpg
base/userfiles/goods/photo_2025-02-24_18-52-30_1330dcbe.jpg	runtime_uploads	85940	.jpg
base/userfiles/knoweleges_articles/20250519_1117_kreativniy-druk-futbolka_simple_compose_01jvksv2d9e9aa5g0xh30mrq2p.png	runtime_uploads	1793667	.png
base/userfiles/logo/Mast_LogN_square.png	runtime_uploads	86828	.png
base/userfiles/problems/problems.txt	runtime_uploads	1034	.txt
base/userfiles/sales/t-shirt_ef14f2b9.png	runtime_uploads	68723	.png
base/userfiles/sales/untitled-1.jpg	runtime_uploads	713821	.jpg
base/userfiles/sales/vizitki-s-kongrevom.jpg	runtime_uploads	165761	.jpg
base/userfiles/settings/16_years_26beb3a8.png	runtime_uploads	6937	.png
base/userfiles/settings/git_markdown_info	runtime_uploads	1093	[no_ext]
base/userfiles/settings/git_settings	runtime_uploads	5352	[no_ext]
base/userfiles/settings/git_settings_markdown	runtime_uploads	6723	[no_ext]
base/userfiles/settings/mast_logn_square.png	runtime_uploads	86828	.png
base/userfiles/settings/promo_img.png	runtime_uploads	162821	.png
base/userfiles/socials/asset-1.png	runtime_uploads	5218	.png
base/userfiles/socials/youtube_8acd8942.png	runtime_uploads	14007	.png
base/vendor/autoload.php	vendor_dependencies	771	.php
base/vendor/composer/ClassLoader.php	vendor_dependencies	16378	.php
base/vendor/composer/InstalledVersions.php	vendor_dependencies	16143	.php
base/vendor/composer/LICENSE	vendor_dependencies	1070	[no_ext]
base/vendor/composer/autoload_classmap.php	vendor_dependencies	222	.php
base/vendor/composer/autoload_namespaces.php	vendor_dependencies	139	.php
base/vendor/composer/autoload_psr4.php	vendor_dependencies	213	.php
base/vendor/composer/autoload_real.php	vendor_dependencies	1137	.php
base/vendor/composer/autoload_static.php	vendor_dependencies	1093	.php
base/vendor/composer/installed.json	vendor_dependencies	3764	.json
base/vendor/composer/installed.php	vendor_dependencies	1128	.php
base/vendor/composer/platform_check.php	vendor_dependencies	925	.php
base/vendor/phpmailer/phpmailer/.editorconfig	vendor_dependencies	220	[no_ext]
base/vendor/phpmailer/phpmailer/COMMITMENT	vendor_dependencies	2092	[no_ext]
base/vendor/phpmailer/phpmailer/LICENSE	vendor_dependencies	26529	[no_ext]
base/vendor/phpmailer/phpmailer/README.md	vendor_dependencies	16634	.md
base/vendor/phpmailer/phpmailer/SECURITY.md	vendor_dependencies	7584	.md
base/vendor/phpmailer/phpmailer/VERSION	vendor_dependencies	6	[no_ext]
base/vendor/phpmailer/phpmailer/composer.json	vendor_dependencies	2752	.json
base/vendor/phpmailer/phpmailer/get_oauth_token.php	vendor_dependencies	6226	.php
base/vendor/phpmailer/phpmailer/language/phpmailer.lang-af.php	vendor_dependencies	1584	.php
base/vendor/phpmailer/phpmailer/language/phpmailer.lang-ar.php	vendor_dependencies	2024	.php
base/vendor/phpmailer/phpmailer/language/phpmailer.lang-as.php	vendor_dependencies	3792	.php
base/vendor/phpmailer/phpmailer/language/phpmailer.lang-az.php	vendor_dependencies	1749	.php
base/vendor/phpmailer/phpmailer/language/phpmailer.lang-ba.php	vendor_dependencies	1745	.php
base/vendor/phpmailer/phpmailer/language/phpmailer.lang-be.php	vendor_dependencies	2178	.php
base/vendor/phpmailer/phpmailer/language/phpmailer.lang-bg.php	vendor_dependencies	2196	.php
base/vendor/phpmailer/phpmailer/language/phpmailer.lang-bn.php	vendor_dependencies	3845	.php
base/vendor/phpmailer/phpmailer/language/phpmailer.lang-ca.php	vendor_dependencies	1730	.php
base/vendor/phpmailer/phpmailer/language/phpmailer.lang-cs.php	vendor_dependencies	1798	.php
base/vendor/phpmailer/phpmailer/language/phpmailer.lang-da.php	vendor_dependencies	2409	.php
base/vendor/phpmailer/phpmailer/language/phpmailer.lang-de.php	vendor_dependencies	1886	.php
base/vendor/phpmailer/phpmailer/language/phpmailer.lang-el.php	vendor_dependencies	3307	.php
base/vendor/phpmailer/phpmailer/language/phpmailer.lang-eo.php	vendor_dependencies	1665	.php
base/vendor/phpmailer/phpmailer/language/phpmailer.lang-es.php	vendor_dependencies	2047	.php
base/vendor/phpmailer/phpmailer/language/phpmailer.lang-et.php	vendor_dependencies	1744	.php
base/vendor/phpmailer/phpmailer/language/phpmailer.lang-fa.php	vendor_dependencies	2079	.php
base/vendor/phpmailer/phpmailer/language/phpmailer.lang-fi.php	vendor_dependencies	1659	.php
base/vendor/phpmailer/phpmailer/language/phpmailer.lang-fo.php	vendor_dependencies	1637	.php
base/vendor/phpmailer/phpmailer/language/phpmailer.lang-fr.php	vendor_dependencies	2782	.php
base/vendor/phpmailer/phpmailer/language/phpmailer.lang-gl.php	vendor_dependencies	1742	.php
base/vendor/phpmailer/phpmailer/language/phpmailer.lang-he.php	vendor_dependencies	1812	.php
base/vendor/phpmailer/phpmailer/language/phpmailer.lang-hi.php	vendor_dependencies	3768	.php
base/vendor/phpmailer/phpmailer/language/phpmailer.lang-hr.php	vendor_dependencies	1754	.php
base/vendor/phpmailer/phpmailer/language/phpmailer.lang-hu.php	vendor_dependencies	1717	.php
base/vendor/phpmailer/phpmailer/language/phpmailer.lang-hy.php	vendor_dependencies	2185	.php
base/vendor/phpmailer/phpmailer/language/phpmailer.lang-id.php	vendor_dependencies	1997	.php
base/vendor/phpmailer/phpmailer/language/phpmailer.lang-it.php	vendor_dependencies	1819	.php
base/vendor/phpmailer/phpmailer/language/phpmailer.lang-ja.php	vendor_dependencies	2029	.php
base/vendor/phpmailer/phpmailer/language/phpmailer.lang-ka.php	vendor_dependencies	2884	.php
base/vendor/phpmailer/phpmailer/language/phpmailer.lang-ko.php	vendor_dependencies	1771	.php
base/vendor/phpmailer/phpmailer/language/phpmailer.lang-lt.php	vendor_dependencies	1627	.php
base/vendor/phpmailer/phpmailer/language/phpmailer.lang-lv.php	vendor_dependencies	1643	.php
base/vendor/phpmailer/phpmailer/language/phpmailer.lang-mg.php	vendor_dependencies	1782	.php
base/vendor/phpmailer/phpmailer/language/phpmailer.lang-mn.php	vendor_dependencies	2186	.php
base/vendor/phpmailer/phpmailer/language/phpmailer.lang-ms.php	vendor_dependencies	1734	.php
base/vendor/phpmailer/phpmailer/language/phpmailer.lang-nb.php	vendor_dependencies	2288	.php
base/vendor/phpmailer/phpmailer/language/phpmailer.lang-nl.php	vendor_dependencies	2365	.php
base/vendor/phpmailer/phpmailer/language/phpmailer.lang-pl.php	vendor_dependencies	2635	.php
base/vendor/phpmailer/phpmailer/language/phpmailer.lang-pt.php	vendor_dependencies	1889	.php
base/vendor/phpmailer/phpmailer/language/phpmailer.lang-pt_br.php	vendor_dependencies	2719	.php
base/vendor/phpmailer/phpmailer/language/phpmailer.lang-ro.php	vendor_dependencies	2448	.php
base/vendor/phpmailer/phpmailer/language/phpmailer.lang-ru.php	vendor_dependencies	2247	.php
base/vendor/phpmailer/phpmailer/language/phpmailer.lang-si.php	vendor_dependencies	3425	.php
base/vendor/phpmailer/phpmailer/language/phpmailer.lang-sk.php	vendor_dependencies	1909	.php
base/vendor/phpmailer/phpmailer/language/phpmailer.lang-sl.php	vendor_dependencies	2577	.php
base/vendor/phpmailer/phpmailer/language/phpmailer.lang-sr.php	vendor_dependencies	2301	.php
base/vendor/phpmailer/phpmailer/language/phpmailer.lang-sr_latn.php	vendor_dependencies	1814	.php
base/vendor/phpmailer/phpmailer/language/phpmailer.lang-sv.php	vendor_dependencies	1610	.php
base/vendor/phpmailer/phpmailer/language/phpmailer.lang-tl.php	vendor_dependencies	1721	.php
base/vendor/phpmailer/phpmailer/language/phpmailer.lang-tr.php	vendor_dependencies	1772	.php
base/vendor/phpmailer/phpmailer/language/phpmailer.lang-uk.php	vendor_dependencies	2282	.php
base/vendor/phpmailer/phpmailer/language/phpmailer.lang-vi.php	vendor_dependencies	1793	.php
base/vendor/phpmailer/phpmailer/language/phpmailer.lang-zh.php	vendor_dependencies	1669	.php
base/vendor/phpmailer/phpmailer/language/phpmailer.lang-zh_cn.php	vendor_dependencies	2333	.php
base/vendor/phpmailer/phpmailer/src/DSNConfigurator.php	vendor_dependencies	6867	.php
base/vendor/phpmailer/phpmailer/src/Exception.php	vendor_dependencies	1240	.php
base/vendor/phpmailer/phpmailer/src/OAuth.php	vendor_dependencies	3774	.php
base/vendor/phpmailer/phpmailer/src/OAuthTokenProvider.php	vendor_dependencies	1522	.php
base/vendor/phpmailer/phpmailer/src/PHPMailer.php	vendor_dependencies	183165	.php
base/vendor/phpmailer/phpmailer/src/POP3.php	vendor_dependencies	12259	.php
base/vendor/phpmailer/phpmailer/src/SMTP.php	vendor_dependencies	48507	.php
